ID,MP,Constituency,Region,Party,Gender,Married,Kids,Born,Occupation,Religion,Denomination,NDC-Votes,NPP-Votes,Total-Votes,NDC-Pres,NPP-Pres,MP-2012-No-Longer-Serving
1,Kobina Tahir Hammond,Adansi Asokwa,Ashanti Region,NPP,M,Married,0,1960,Lawyer,Islam,,14157,15796,30537,12998,16845,
2,Nana Marfo Amaniampong,Afigya Kwabre North,Ashanti Region,NPP,M,Married,2,1964,Banker/Lecturer,Christian,Baptist,6207,17597,25377,7268,17798,
3,William Owuraku Aidoo,Afigya Kwabre South,Ashanti Region,NPP,M,Married,4,1964,Farmer,Christian,Catholic,9911,45841,57337,10373,46660,
4,David Hennric Yeboah,Afigya Sekyere East,Ashanti Region,NPP,M,Married,3,1970,Business Person,Christian,Calvary Charismatic Church,12285,35826,50090,11777,37855,
5,Kwasi Adusei,Ahafo Ano North,Ashanti Region,NDC,M,Married,3,1976,Education Executive,Christian,Church of Pentecost,18841,18418,37669,18083,18913,
6,Francis Manu-Adabor,Ahafo Ano South East,Ashanti Region,NPP,M,Married,5,1960,Engineer,Christian,Catholic,10860,13145,24243,10884,12925,
7,Johnson Kwaku Adu,Ahafo Ano South West,Ashanti Region,NPP,M,Married,2,1969,Education Executive,Christian,Church of Pentecost,9499,14344,25746,10508,14772,
8,Kwabena Appiah-Pinkrah,Akrofuom,Ashanti Region,NPP,M,Married,4,1947,Development Consultant,Christian,Methodist,6098,8976,14606,7484,10249,
9,Kwame Anyimadu-Antwi,Asante Akim Central,Ashanti Region,NPP,M,Married,4,1962,Lawyer,Christian,Presbyterian,8862,24421,35747,9316,26097,
10,Agyemang Kwadwo Baah,Asante Akim North,Ashanti Region,NPP,M,Married,2,1975,Advertising and Marketing,Christian,Resurrection Power Living Bread Christian Center,9709,14966,34292,10771,22894,
11,Kwaku Asante-Boateng,Asante Akim South,Ashanti Region,NPP,M,Married,4,1961,Legal Practitioner,Christian,Assemblies of God,19190,31151,51128,18520,31710,
12,Mubarak Mohammed Muntaka (Alhaji),Asawase,Ashanti Region,NDC,M,Married,4,1970,Development Consultant,Islam,,43917,31013,77034,45178,31260,
13,Appiagyei Patricia,Asokwa,Ashanti Region,NPP,F,Married,3,1956,Banker,Christian,Catholic,12647,54904,68360,14673,52960,
14,Kojo Appiah-Kubi (Dr),Atwima Kwanwoma,Ashanti Region,NPP,M,Married,5,1956,Economist,Christian,Catholic,10107,46367,59632,10654,48995,
15,Isaac Kwame Asiamah,Atwima Mponua,Ashanti Region,NPP,M,Married,3,1975,Politician,Christian,Anglican,24872,33961,59300,24193,34468,
16,Benito Owusu-Bio,Atwima Nwabiagya North,Ashanti Region,NPP,M,Married,5,1968,Hotelier,Christian,Anglican,9664,27456,45849,10919,34582,
17,Anthony Boakye Osei,Atwima Nwabiagya South,Ashanti Region,NPP,M,Married,6,1949,Public Servant,Christian,Catholic,11436,41459,55810,12034,43289,
18,Henry Kwabena Kokofu,Bantama,Ashanti Region,NPP,M,Married,0,1960,Forester,Christian,Anglican,8667,49054,58888,9321,49493,
19,"Joseph Osei-Owusu,",Bekwai,Ashanti Region,NPP,M,Married,4,1962,Lawyer,Christian,Catholic,7339,47972,56313,7897,48528,
20,Kwadwo Frimpong Kyei,Bosome Freho,Ashanti Region,NPP,M,Married,5,1946,Surveyor,Christian,Catholic,5467,14293,24721,6179,18182,
21,Simon Osei-Mensah,Bosomtwe,Ashanti Region,NPP,M,Married,5,1961,Economist,Christian,Catholic,17235,34790,52269,11239,40618,
22,Frank Boakye Agyen,Effiduase-Asokore,Ashanti Region,NPP,M,Married,4,1946,Lawyer,Christian,Presby,6503,22900,30068,6479,23388,
23,Kwabena Owusu-Aduomi,Ejisu,Ashanti Region,NPP,M,Married,3,1960,Civil Engineer,Christian,Deeper Life Church,11788,51976,64973,12389,52253,
24,Mohammed Salisu Bamba,Ejura Sekyedumase,Ashanti Region,NPP,M,Married,2,1975,Business Person,Islam,,21166,21461,43108,23810,19453,
25,Daniel Kingsley Atta Boafo,Fomena,Ashanti Region,NPP,M,Married,3,1957,Agric Researcher,Islam,,6382,13812,20386,5406,14672,
26,Ama Pomaa Boateng,Juaben,Ashanti Region,NPP,F,Married,1,1975,IT Consultant,Christian,Methodist,7064,22323,29604,6950,22314,
27,Philip Basoah,Kumawu,Ashanti Region,NPP,M,Married,2,1969,Education Executive,Christian,Liberation Christian Centre,4142,18858,27477,5665,21482,
28,Kofi Frimpong,Kwabre East,Ashanti Region,NPP,M,Married,10,1951,Business Person,Christian,Seventh- Day Adventist,17521,62048,82377,18092,64056,
29,Owusu Afriyie Akoto (Dr),Kwadaso,Ashanti Region,NPP,M,Married,6,1949,Company Director,Christian,Catholic,9745,56233,67869,10378,57533,
30,Francis Addai-Nimoh,Mampong,Ashanti Region,NPP,M,Married,3,1965,Civil Engineer,Christian,Methodist,11754,34189,47113,11796,34925,
31,Collins Owusu Amankwah,Manhyia North,Ashanti Region,NPP,M,Married,1,1980,Media Personality,Christian,Faith Gospel Church,13439,36775,52862,14890,37853,
32,Matthew Opoku Prempeh (Dr.),Manhyia South,Ashanti Region,NPP,M,Divorced,0,1968,Medical Doctor,Christian,Anglican,6890,35152,42843,8216,35417,
33,Frimpong Yaw Addo,Manso Adubia,Ashanti Region,NPP,M,Married,5,1962,Development Consultant,Christian,Catholic,8326,26368,35172,7124,27352,
34,Grace Addo (Ms),Manso Nkwanta,Ashanti Region,NPP,F,Separated,2,1960,Teacher,Christian,Catholic,7003,29500,38299,6726,30992,
35,Ernest kofi Yakah,New Edubiase,Ashanti Region,NDC,M,Married,9,1959,Farmer,Christian,Assemblies of God,16777,13078,32388,18785,12721,
36,Richard W. Anane (Dr),Nhyiaeso,Ashanti Region,NPP,M,Married,4,1954,Medical Doctor,Christian,Catholic,12304,45389,59558,12973,46459,
37,Kwame Asafu-Adjei,Nsuta-Kwamang-Beposo,Ashanti Region,NPP,M,Married,3,1950,Politician,Christian,Presby,10913,19270,30361,10144,19773,
38,"Edward M Ennin,",Obuasi East,Ashanti Region,NPP,M,Married,4,1970,Insurance Executive,Christian,Methodist,15381,24212,40985,15673,25108,
39,Kwaku Agyeman Kwarteng,Obuasi West,Ashanti Region,NPP,M,Married,3,1969,Economist,Christian,Catholic,16253,31101,49154,16072,31788,
40,Emmanuel Akwasi Gyamfi,Odotobiri,Ashanti Region,NPP,M,Married,3,1974,Banker,Christian,Catholic,6226,27526,35221,5454,29377,
41,Augustine Collins Ntim,Offinso North,Ashanti Region,NPP,M,Married,3,1968,Teacher,Christian,Methodist,16417,17024,33806,16617,16566,
42,Ben Abdallah Banda,Offinso South,Ashanti Region,NPP,M,Married,3,1949,Lawyer,Islam,n/a,15533,33666,49872,16885,32459,
43,Elizabeth Agyeman (Ms),Oforikrom,Ashanti Region,NPP,F,Married,6,1949,Business Person,Christian,Catholic,29393,58812,90333,30202,59817,
44,Anthony Akoto Osei (Dr),Old Tafo,Ashanti Region,NPP,M,Married,3,1953,Economist,Christian,Catholic,13454,43561,57478,15038,42977,
45,Alex Adomako-Mensah,Sekyere Afram Plains,Ashanti Region,NDC,M,Married,5,1957,Banker,Christian,Presby,5701,1882,9012,6203,2514,
46,"Osei Kyei-Mensah-Bonsu,",Suame,Ashanti Region,NPP,M,Married,6,1957,Urban Planner,Christian,Assemblies of God,10589,60829,76852,12758,63926,
47,Isaac Osei,Subin,Ashanti Region,NPP,M,Married,5,1951,Economist,Christian,Catholic,16058,47779,65061,18328,47285,
48,Robert Sarfo-Mensah,Asunafo North,Brong Ahafo Region,NPP,M,Married,4,1970,Public Servant,Christian,Church of Pentecost,26820,28404,57071,26493,29471,
49,Eric Opoku,Asunafo South,Brong Ahafo Region,NDC,M,Married,3,1970,Farmer,Christian,,21770,18995,41043,21075,19052,
50,Joseph Benhazin Dahah,Asutifi North,Brong Ahafo Region,NPP,M,Married,5,1969,Teacher,Christian,Catholic,15112,14285,29397,13606,15339,
51,Collins Dauda (Alhaji),Asutifi South,Brong Ahafo Region,NDC,M,Married,11,1957,Teacher,Islam,,16077,12820,28997,15752,12791,
52,Nanja Sanja,Atebubu-Amantin,Brong Ahafo Region,NDC,M,Married,5,1968,Education Executive,Christian,Assemblies of God,16964,11413,34411,21133,12049,
53,Ahmed Ibrahim,Banda,Brong Ahafo Region,NDC,M,Married,1,1974,Business Person,Christian,Church of Pentecost,5645,4950,10699,5390,5068,
54,Dr. Kwabena Twum-Nuamah,Berekum East,Brong Ahafo Region,NPP,M,Married,3,1978,Medical Doctor,Christian,Methodist,16517,22687,40074,16719,22888,
55,Kwaku Agyenim-Boateng,Berekum West,Brong Ahafo Region,NPP,M,Married,2,1972,Lawyer,Christian,Presby,7280,10406,18197,7750,10189,
56,Kwaku Agyemang-Manu,Dormaa Central,Brong Ahafo Region,NPP,M,Married,6,1955,Accountant,Christian,Methodist,19687,22631,42784,19756,22438,
57,William Kwasi Sabi,Dormaa East,Brong Ahafo Region,NPP,M,Married,1,1966,"Consultant, Health",Christian,Catholic,9907,13712,24110,9350,14285,
58,Vincent Oppong Asamoah,Dormaa West,Brong Ahafo Region,NDC,M,Married,3,1966,Social Worker,Christian,Catholic,8683,6792,15607,9091,6236,
59,Stevens Siaka,Jaman North,Brong Ahafo Region,NPP,M,Married,7,1964,Teacher,Christian,Catholic,14718,14920,29638,16701,11862,
60,Yaw Maama Afful,Jaman South,Brong Ahafo Region,NPP,M,Married,3,1959,Entrepreneur,Christian,Presby,16123,22835,39500,16510,21836,
61,Stephen Kunsu,Kintampo North,Brong Ahafo Region,NDC,M,Married,6,1949,Education Executive,Christian,Presby,22761,17504,42119,26579,14545,
62,Yaw Effah-Baafi,Kintampo South,Brong Ahafo Region,NDC,M,Married,5,1955,Farmer,Christian,Church of Pentecost,15552,11467,28033,16488,11470,
63,Derek Oduro (Maj. [Rtd]),Nkoranza North,Brong Ahafo Region,NPP,M,Married,6,1958,Accountant,Christian,Seventh- Day Adventist,9534,10254,20506,10099,9947,
64,Emmanuel Kwadwo Agyekum,Nkoranza South,Brong Ahafo Region,NDC,M,Married,0,1973,Entrepreneur,Christian,Seventh- Day Adventist,24536,19534,44273,24095,19607,
65,Kwabena Donkor (Dr),Pru East,Brong Ahafo Region,NDC,M,Married,3,1958,Energy Consultant,Christian,ICGC,15906,3430,25863,19317,6172,
66,Masawud Mohammed (Alhaji),Pru West,Brong Ahafo Region,NDC,M,Married,4,1971,Public Servant,Islam,,9465,8278,19478,11922,6800,
67,Dominic Napare,Sene East,Brong Ahafo Region,NDC,M,Married,4,1960,Education Executive,Christian,Catholic,10343,4937,15453,10892,4070,
68,Twumasi Kwame Ampofo,Sene West,Brong Ahafo Region,NDC,M,Married,0,1968,Manufacturing,Christian,,12511,6721,19504,12926,6345,
69,Kwasi Ameyaw-Cheremeh,Sunyani East,Brong Ahafo Region,NPP,M,Married,4,1966,Lawyer,Christian,Presby,25141,42478,71918,28765,42632,
70,Ignatius Baffour Awuah,Sunyani West,Brong Ahafo Region,NPP,M,Married,3,1966,Banker,Christian,Catholic,22620,26153,49164,21927,26590,
71,Kwasi Agyemang Gyan-Tutu,Tain,Brong Ahafo Region,NDC,M,Married,12,1957,Public Servant,Christian,Seventh- Day Adventist,17286,12981,30878,17368,13277,
72,Freda Akosua Oheneafrewo Prempeh,Tano North,Brong Ahafo Region,NPP,F,Separated,0,1966,Public Relations Executive,Christian,Lighthouse Chapel International,14789,18531,34379,14997,19339,
73,Hanna Louisa Bisiw (Dr.),Tano South,Brong Ahafo Region,NDC,F,Separated,1,1972,Veterinary Doctor,Christian,Church of Pentecost,19236,17856,37362,17677,19234,
74,Alex Kyeremeh,Techiman North,Brong Ahafo Region,NDC,M,Married,5,1962,Accountant,Christian,Catholic,16537,13727,30876,16329,13944,
75,Mensah Adjei,Techiman South,Brong Ahafo Region,NDC,M,Married,3,1970,Teacher,Christian,Seventh- Day Adventist,41430,33658,75890,42133,32741,
76,George Yaw Gyan-Baffour (Prof),Wenchi,Brong Ahafo Region,NPP,M,Married,7,1951,Economist,Christian,Catholic,18660,20818,40957,20404,19692,
77,Anthony Christian Dadzie,Abura-Asebu-Kwamankese,Central Region,NDC,M,Married,4,1962,Accountant,Christian,Catholic,25295,17045,45345,27106,16736,
78,Queenstar Pokuah Sawyerr (Mrs),Agona East,Central Region,NDC,F,Married,4,1964,Business Person,Christian,Anglican,22689,18049,41133,21228,18879,
79,Charles Obeng-Inkoom,Agona West,Central Region,NDC,M,Married,4,1958,Lawyer,Christian,Church of Pentecost,30166,25397,56702,27371,28012,
80,Cassiel Ato Forson,Ajumako-Enyan-Esiam,Central Region,NDC,M,Married,2,1978,Accountant,Christian,Methodist,24752,21462,46997,24416,21300,
81,Georgina Nkrumah Aboah (Mrs),Asikuma-Odoben-Brakwa,Central Region,NDC,F,Married,2,1959,Teacher,Christian,Methodist,23812,21021,45874,22718,22162,
83,Samuel Ambre,Assin North,Central Region,NDC,M,Married,3,1972,Teacher,Christian,Methodist,14338,12281,27763,14830,11884,
82,Ken Ohene Agyapong,Assin Central,Central Region,NPP,M,Married,6,1973,"business man""""""business man""""""""",Christian,Methodist,16347,13202,30065,13105,16157,
84,Dominic K. Fobih (Prof),Assin South,Central Region,NPP,M,Married,9,1942,Lecturer,Christian,Catholic,17903,19834,39597,17059,21386,
85,Hawa Mavis Koomson (Mrs),Awutu Senya East,Central Region,NPP,F,Married,3,1966,Teacher,Christian,Methodist,26884,31054,59150,28228,30481,
86,Hanna Serwaah Tetteh (Ms),Awutu Senya West,Central Region,NDC,F,Divorced,2,1967,Lawyer,Christian,Methodist,23082,18487,46308,23509,21566,
87,Ebo Barton-Odro,Cape Coast North,Central Region,NDC,M,Married,4,1952,Lawyer,Christian,Methodist,21189,19558,43123,22920,19246,
88,Kweku Ricketts-Hagan,Cape Coast South,Central Region,NDC,M,Married,5,1963,Banker,Christian,Methodist,22150,19206,42263,22683,18834,
89,Alexander Kwamina Afenyo-Markin,Effutu,Central Region,NPP,M,Married,0,1978,Lawyer,Christian,Catholic,16977,19062,36764,18219,18074,
90,Abeiku Crentsil,Ekumfi,Central Region,NDC,M,Married,4,1973,Architect,Christian,Methodist,16615,9395,26463,18026,7570,
91,Rachel Florence Appoh (Ms),Gomoa Central,Central Region,NDC,F,Single,1,1980,Auditor,Christian,Church of Pentecost,15719,11385,27526,15615,11215,
92,Ekow Panyin Okyere Eduamoah,Gomoa East,Central Region,NDC,M,Married,4,1972,Education Executive,Christian,Methodist,18538,15449,35734,19741,15341,
93,Francis Kojo Arthur,Gomoa West,Central Region,NDC,M,Married,10,1954,Teacher,Christian,Catholic,27624,19310,48742,28810,18756,
94,Foster Joseph Andoh,Hermang Lower Denkyira,Central Region,NDC,M,Married,3,1961,HR Manager,Christian,Assemblies of God,13178,13147,26325,12727,12844,
95,Stephen Nana Ato Arthur (Dr),KEEA,Central Region,NPP,M,Married,3,1961,Engineer,Christian,Catholic,13962,22151,58049,31775,19699,
96,Aquinas Quansah,Mfantseman,Central Region,NDC,M,Married,1,1967,Journalist,Christian,Harvest Chapel International,31837,29476,62481,33752,26446,
97,Ato Samuel Amoah,Twifo-Atii Morkwaa,Central Region,NDC,M,Married,4,1966,Teacher,Christian,Seventh- Day Adventist,19410,15150,38248,21999,15260,
98,Nana Amoakoh,Upper Denkyira East,Central Region,NPP,M,Married,3,1958,Business Person,Christian,Catholic,17319,21020,38942,15707,22923,
99,Benjamin Kofi Ayeh,Upper Denkyira West,Central Region,NPP,M,Married,0,1962,Accountant,Christian,LDS,10192,14111,26794,10830,15364,
100,Bryan Acheampong,Abetifi,Eastern Region,NPP,M,Unkn,NA,1973,IT Consultant,Christian,,11764,20766,32530,10664,21381,Peter Wiafe Pepera
101,Esther Obeng Dappah(Ms),Abirem,Eastern Region,NPP,F,Single,3,1945,Lawyer,Christian,Church of Pentecost,14515,17347,32091,12404,19173,
102,Gifty Twum-Ampofo,Abuakwa North,Eastern Region,NPP,F,Married,NA,1940,Teacher,Christian,NA,12309,18812,31121,11754,19162,Joseph Boakye Danquah Adu
103,Samuel Atta Akyea,Abuakwa South,Eastern Region,NPP,M,Married,3,1962,Lawyer,Christian,ICGC,29330,8205,38219,8445,29334,
104,Robert Kwasi Amoah,Achiase,Eastern Region,NPP,M,Married,8,1948,Teacher,Christian,Presby,8503,14395,22971,8058,14536,
105,Aboagye Emmanuel Didieye,Afram Plains North,Eastern Region,NDC,M,Married,1,1976,ICT Specialist,Christian,Presby,18956,6762,26473,21373,4419,
106,Joseph Appiah Boateng,Afram Plains South,Eastern Region,NDC,M,Married,3,1975,Contractor,Christian,Church of Pentecost,14946,7348,24317,16944,6643,
107,William Agyapong Quaittoo,Akim Oda,Eastern Region,NPP,M,Married,4,1966,Business/Project Development and Management,Christian,Baptist,6315,18972,30244,9129,20631,
108,Kennedy Nyarko Osei,Akim Swedru,Eastern Region,NPP,M,Married,0,1979,Marketing,Christian,ICGC,3533,8865,15894,4581,10943,
109,William Ofori Boafo,Akwapem North,Eastern Region,NPP,M,Married,1,1946,Lawyer,Christian,Presby,15588,26828,43873,15389,29032,
110,Osei Bonsu Amoah,Akwapem South,Eastern Region,NPP,M,Married,3,1961,Lawyer,Christian,Methodist,8694,12720,25577,9446,15436,
111,Baba Jamal Mohammed Ahmed,Akwatia,Eastern Region,NDC,M,Married,5,1969,Politician,Islam,,20471,19914,40587,19118,20678,
112,Yaw Owusu-Boateng,Asene-Akroso-Manso,Eastern Region,NPP,M,Married,3,1955,Education Executive,Christian,Methodist,11765,17881,31062,11379,18929,
113,Kofi Osei-Ameyaw,Asuogyaman,Eastern Region,NPP,M,Married,2,1960,Lawyer,Christian,,18650,20750,40415,21777,18110,
114,Abena Osei-Asare (Mrs),Atiwa East,Eastern Region,NPP,F,Married,2,1979,Banker,Christian,Methodist,6480,16449,23361,6618,16513,
115,Kwasi Amoako-Attah,Atiwa West,Eastern Region,NPP,M,Married,4,1951,Lawyer,Christian,Presby,5984,17176,23160,5305,17625,
116,Samuel Ayeh-Paye,Ayensuano,Eastern Region,NPP,M,Married,3,1973,Engineer,Christian,Presby,16878,21893,39100,16266,20143,
117,Amankwa Kwabena Asiamah,Fanteakwa North,Eastern Region,NPP,M,Married,7,1958,Banker,Christian,Presby,10825,11798,23464,10877,11996,
118,Kofi Okyere-Agyekum,Fanteakwa South,Eastern Region,NPP,M,Married,3,1958,Business Person,Christian,Presby,6560,11683,20168,6746,12681,
119,Ofosu Asamoah,Kade,Eastern Region,NPP,M,Married,3,1969,Lawyer,Christian,Presby,17168,27506,50522,17040,32536,
120,Ebenezer Okletey Terlabi,Lower Manya Krobo,Eastern Region,NDC,M,Married,3,1963,biochemist,Christian,Church of Pentecost,24367,16181,45957,30183,13965,
121,Gifty Klenam (Ms),Lower West Akim,Eastern Region,NPP,F,Married,2,1970,farmer,Christian,ICGC,18225,26663,46132,18433,26677,
122,Kwame Seth Acheampong,Mpraeso,Eastern Region,NPP,M,Married,0,1971,Business Person,Christian,Presby,8792,22417,32815,9785,22530,
123,Kwasi Boateng Adjei,New Juaben North,Eastern Region,NPP,M,Married,3,1954,Politician,Christian,Methodist,8911,19970,29888,9159,19960,
124,Mark Assibey-Yeboah (Dr),New Juaben South,Eastern Region,NPP,M,Married,3,1974,Economist,Christian,Presby,24925,38030,64731,26063,38307,
125,Eric Kwakye Darfour,Nkawkaw,Eastern Region,NPP,M,Married,3,1957,Business Person,Christian,ISKCON,16503,35769,52894,15073,37089,
126,Frank Annoh-Dompreh,Nsawam-Adoagyiri,Eastern Region,NPP,M,Married,3,1977,farmer,Christian,Church of Pentecost,21663,24074,47649,22919,24084,
127,David Oppon-Kusi,Ofoase-Ayirebi,Eastern Region,NPP,M,Married,7,1958,Architect,Christian,Methodist,13659,19025,35262,12892,21393,
128,Daniel Botwe,Okere,Eastern Region,NPP,M,Married,3,1958,Computer Scientist,Christian,Presby,9680,15165,25247,9806,15050,
129,Frederick Opare-Ansah,Suhum,Eastern Region,NPP,M,Married,0,1958,Engineer,Christian,,23658,24046,48791,21520,26608,
130,Jeff Tetteh Kavianu,Upper Manya Krobo,Eastern Region,NDC,M,Married,4,1964,Management Consultant,Christian,New Fountain of Life Ministry International,15924,8904,26523,17613,8112,
131,Joseph Sam Amankwanor,Upper West Akim,Eastern Region,NDC,M,Married,5,1954,Business Person,Christian,Royal House Temple,18736,14973,34012,19128,14059,
132,Magnus Kofi Amoatey,Yilo Krobo,Eastern Region,NDC,M,Married,4,1948,Director of Programmes,Christian,Presbyterian,26581,14510,43228,29300,13339,
133,Theophilus Tetteh Chaie,Ablekuma Central,Greater Accra Region,NDC,M,Married,1,1972,Educationist,Christian,Methodist,46606,45265,94187,49438,45265,
134,Justice Joe Appiah,Ablekuma North,Greater Accra Region,NPP,M,Married,5,1959,Network engineer/ Bussiness person,Christian,Presbyterian church,34534,53115,90136,34802,54864,
135,Fritz Frederic Baffour,Ablekuma South,Greater Accra Region,NDC,M,Married,4,1952,Journalist/Advertiser,Christian,Catholic,33540,23506,59703,35981,24887,
136,Ursula G. Owusu-Ekuful (Mrs.),Ablekuma West,Greater Accra Region,NPP,F,Married,0,1964,Lawyer,Christian,,26153,36975,63514,25185,36383,
137,Comfort Doyoe Cudjoe-Ghansah (Mrs.),Ada,Greater Accra Region,NDC,F,Married,6,1967,Business person,Christian,Methodist,19749,1824,27083,22794,3573,
138,Emmanuel Nii Ashie-Moore,Adenta,Greater Accra Region,NDC,M,Married,0,1969,Marketing,Christian,,35409,30805,67439,36451,31419,
139,Nii Okai Emmanuel Laryea,Amasaman,Greater Accra Region,NDC,M,Single,2,1983,Business Person,Christian,Anglican,21761,29724,57356,34899,22200,
140,Shirley A. Botchway(Ms),Anyaa-Sowutuom,Greater Accra Region,NPP,F,Married,2,1963,Journalist/Advertiser,Christian,Anglican,29536,51196,81948,29312,51854,
141,Alfred Kwame Agbesi,Ashaiman,Greater Accra Region,NDC,M,Married,6,1955,Lawyer,Christian,Evangelical Presby,47154,32650,94508,60178,33725,
142,Henry Quartey,Ayawaso Central,Greater Accra Region,NPP,M,Married,4,1971,Business person,Christian,Power Impact Ministries,32439,33074,66859,33206,33424,
143,Naser Toure Mahama,Ayawaso East,Greater Accra Region,NDC,M,Married,2,1965,Energy Consultant,Islam,,26647,13887,40720,27370,14283,
144,Mustapha Ahmed (Maj [Rtd]) (Dr) (Alh),Ayawaso North,Greater Accra Region,NDC,M,Married,3,1956,Dental Surgeon,Islam,,24475,15281,40473,25979,14367,
145,Kyeremateng Emmanuel Agyarko,Ayawaso West Wuogon,Greater Accra Region,NPP,M,Married,7,1957,Pharmacist,Christian,Presby,30116,31807,63232,31537,31023,
146,Bright Edward Kodzo Demordzi,Bortianor-Ngleshie Amanfro,Greater Accra Region,NDC,M,Married,3,1972,Marketing,Christian,Overcomers Praise Assembly International,23014,22826,48975,23666,22732,
147,Nii Amasah Namoale,Dadekotopon,Greater Accra Region,NDC,M,Married,3,1958,Agronomist,Christian,Church of Christ,50016,34533,87890,52691,35242,
148,Daoud Anum Yemoh,Domeabra-Obom,Greater Accra Region,NDC,M,Married,5,1954,Journalist/Advertiser,Islam,,10404,2666,20988,16431,3114,
149,Sarah Adwoa Safo (Ms),Dome-Kwabenya,Greater Accra Region,NPP,F,Single,0,1981,Lawyer,Christian,Kristo Asafo Mission,35356,63373,99402,37278,61534,
150,Nii Armah Ashietey,Korle Klottey,Greater Accra Region,NDC,M,Married,2,1950,Lawyer,Christian,Anglican,36122,34847,74407,38928,44928,
151,Joseph Nii Laryea Afotey-Agbo,Kpone-Katamanso,Greater Accra Region,NDC,M,Married,5,1967,Farmer,Christian,Presby,33598,23984,58689,35557,23650,
152,Nii Oakley Quaye-Kumah (Dr),Krowor,Greater Accra Region,NDC,M,Married,4,1959,Veterinary Surgeon,Christian,Presbyterian church,32520,29700,65730,35284,30409,
153,Benita Sena Okity-Duah (Mrs.),Ledzokuku,Greater Accra Region,NDC,F,Married,2,1976,Fashion designer/Politician,Christian,LDS,52524,42038,95497,53710,40662,
154,Amadu B. Sorogho (Alhaji),Madina,Greater Accra Region,NDC,M,Married,6,1955,Manager/Administrator,Islam,,41441,34845,79594,45626,34657,
155,Enoch Teye Mensah,Ningo Prampram,Greater Accra Region,NDC,M,Married,7,1960,Account Officer,Christian,Methodist,21178,17122,39176,28490,9681,
156,Edwin NiiåÊLantey Vanderpuye,Odododiodioo,Greater Accra Region,NDC,M,Married,6,1965,Journalist,Christian,World Harvest Church,45967,26269,72981,45555,27047,
157,Patrick Yaw Boamah,Okaikwei Central,Greater Accra Region,NPP,M,Married,2,1974,Lawyer,Christian,Methodist,20403,27667,49214,22777,26401,
158,Elizabeth K. T. Sackey(Mrs),Okaikwei North,Greater Accra Region,NPP,F,Married,4,1958,Banker,Christian,Church of Pentecost,25357,27268,54960,26927,28094,
159,Ahmed Arthur,Okaikwei South,Greater Accra Region,NPP,M,Married,3,1970,Journalist/Advertiser,Christian,ICGC,28568,38399,69743,30269,39690,
160,Christian Corleytey Otuteye,Sege,Greater Accra Region,NDC,M,Single,0,1973,Lecturer,Christian,Presbyterian,13792,10673,24737,18652,5375,
161,David Tetteh Assumeng,Shai-Osudoku,Greater Accra Region,NDC,M,Married,1,1961,Public Servant,Christian,Presby,18089,6991,30666,22444,7444,
162,Kofi Brako,Tema Central,Greater Accra Region,NPP,M,Married,4,1959,Managing Director,Christian,LDS,26948,14360,45011,16635,27998,
163,Daniel Nii Kwartei Titus-Glover,Tema East,Greater Accra Region,NPP,M,Married,4,1966,Human Resource Manager,Christian,Miracle Life Gospel Church,30072,30075,63065,32162,30701,
164,Irene Naa Torshie Addo (Mrs),Tema West,Greater Accra Region,NPP,F,Married,2,1970,Lawyer,Christian,Baptist,39005,39950,80656,39172,40952,
165,Moses Anim,Trobu,Greater Accra Region,NPP,M,Married,NA,1965,Project Manager,Christian,Church of Pentecost,27886,46446,78782,29979,47843,
166,Rosemund Comfort Abrah (Ms.),Weija-Gbawe,Greater Accra Region,NPP,F,Married,0,1950,Teacher,Christian,Presby,26899,32861,61322,26386,34446,
167,Dominic B. A. Nitiwul,Bimbilla,Northern Region,NPP,M,Married,3,1977,Manager/Administrator,Christian,Catholic,17034,30521,52007,21069,29037,
168,Joseph Akati Saaka (Alhaji),Bole-Bamboi,Northern Region,NDC,M,Married,7,1950,Marketing Expert,Islam,,14642,8292,23198,17022,5310,
169,Solomon Namliit Boar,Bunkpurugu,Northern Region,NPP,M,Married,5,1968,Manager/Administrator/HR Practitioner,Christian,N/A,10149,10829,27874,17393,8649,
170,Namoro Sanda Azumah,Chereponi,Northern Region,NPP,M,Married,9,1956,Teacher,Islam,,10565,11680,22683,10529,11353,
171,Abudu Nelson Baani,Daboya-Mankarigu,Northern Region,NDC,M,Married,5,1962,Tax Administrator,Islam,,8275,6672,15376,8515,6297,
172,Mutawakilu Adam,Damongo,Northern Region,NDC,M,Married,5,1972,Accountant,Islam,,9718,7041,17150,10732,5973,
173,Matthew Nyindam,Gushegu,Northern Region,NDC,M,Married,4,1972,Farmer/Agriculturist,Christian,Church of Christ,18776,18439,37596,18363,17296,
174,Sualihu Dandaawa Alhassan,Karaga,Northern Region,NDC,M,Married,0,1983,Administrator,Islam,,15648,13107,30565,17012,12261,
175,Matthew Nyindam,Kpandai,Northern Region,NPP,M,Married,2,1963,Politician,Christian,Catholic,13794,16221,38188,22145,14374,
176,Amadu Moses Yahaya,Kumbungu,Northern Region,CPP,M,Married,2,1972,Farmer,Islam,Sunni,18285,8523,32324,22721,6161,"Muhammed Mumuni, NDC"
177,Ahmed Yakubu Alhassan (Dr),Mion,Northern Region,NDC,M,Married,3,1971,Politician,Islam,Sunni,9931,9380,25115,13642,9276,
178,Alfred Sugri Tia (Dr),Nalerigu-Gambaga,Northern Region,NDC,M,Married,5,1956,Veterinary Surgeon,Christian,Presbyterian,20308,19888,40795,21136,18344,
179,Murtala Ibrahim Muhammed,Nanton,Northern Region,NDC,M,Married,1,1974,Educationist/Development Planning,Muslim,,10369,8667,19690,10634,8352,
180,Joseph Nikpe Bukari,Saboba,Northern Region,NDC,M,Married,2,1965,Teacher,Christian,Evangelical Presbyterian,13409,12733,26247,13350,12374,
181,Bashir Fuseini Alhassan,Sagnarigu,Northern Region,NDC,M,Married,4,1956,Jourrnalist,Islam,,29508,6985,37501,30040,6665,
182,Alhassan Mumuni (Alhaji),Salaga North,Northern Region,NDC,M,Married,6,1967,Education Executive,Islam,,6772,3462,10855,7042,3486,
183,Ibrahim Dey Abubakari (Alhaji),Salaga South,Northern Region,NDC,M,Married,5,1958,Accountant,Islam,,17393,15138,32919,19399,12679,
184,Mary Salifu Boforo (Hajia),Savelugu,Northern Region,NDC,F,Married,4,1951,Farmer/Social Worker,Islam,,18946,15083,35560,21165,13279,
185,Donald Dari Soditey,Sawla-Tuna-Kalba,Northern Region,NDC,M,Married,8,1957,Head Teacher,Christian,Catholic,13451,9863,24647,15737,7335,
186,Inusah Abdulai B. Fuseini (Alhaji),Tamale Central,Northern Region,NDC,M,Married,4,1959,Lawyer,Islam,Sunni,39545,23761,66271,42820,22993,
187,Dahamani Alhassan,Tamale North,Northern Region,Independent,M,Married,2,1957,Farmer/Agriculturist,Islam,Sunni,10885,5577,31423,22651,6819,
188,Haruna Iddrisu,Tamale South,Northern Region,NDC,M,Married,1,1962,Lawyer,Islam,Sunni,53320,16395,71388,53536,16611,
189,James Cecil Yanwube,Tatale-Sanguli,Northern Region,NPP,M,Married,4,1962,Accountant,Christian,Baptist,6826,7037,21260,10060,8892,
190,Wahab Wumbei Suhiyini,Tolon,Northern Region,NPP,M,Married,NA,1955,Politician,Islam,,15699,18113,37617,17878,18176,
191,Sagre Bambangi (Dr.),Walewale,Northern Region,NPP,M,Married,NA,1966,Lecturer,Islam,,15192,19328,45038,19241,23546,
192,Maban George Laliri,Wulensi,Northern Region,NDC,M,Widowed,9,1954,Educationist,Christian,Catholic,12551,11524,30460,15861,12853,
193,Mustapha Ussif,Yagaba-Kubori,Northern Region,NPP,M,Married,2,1979,Teacher,Islam,,7175,8123,15298,7080,7502,
194,Seidu Amadu (Alhaji),Yapei-Kusawgu,Northern Region,NDC,M,Married,7,1954,Economist/Banker/Insurer,Islam,,17038,16371,35958,21022,13345,
195,Tijani Habibu Mohammad (Alhaji),Yendi,Northern Region,NPP,M,Married,3,1965,Teaching,Islam,Sunni,14228,22961,49113,20658,26989,
196,Joseph Bipoba Naabu,Yunyoo,Northern Region,NDC,M,Married,3,1964,Business person,Christian,Catholic,9591,4318,14682,9904,3990,
197,Jabaah John Bennam,Zabzugu,Northern Region,NPP,M,Married,7,1965,Farmer/Agriculturist,Christian,Last Day Gospel Church,12213,13300,25866,12301,13046,
198,Mahama Ayariga,Bawku Central,Upper East Region,NDC,M,Married,0,1974,Lawyer,Islam,,24071,19082,43876,24707,17974,
199,Noah Ben Azure,Binduri,Upper East Region,NDC,M,Married,3,1960,Education / Agriculture,Christian,Church of God,15088,7543,23258,15855,6366,
200,Opam-Brown Emmanuel Akolbire,Bolgatanga Central,Upper East Region,NDC,M,Married,6,1960,ICT Specialist,Christian,Catholic,28144,13464,47592,35140,11027,
201,Dominic Ayine,Bolgatanga East,Upper East Region,NDC,M,Married,6,1966,Lawyer,Christian,Catholic,8841,3523,14393,10543,3123,
202,Albert Abongo,Bongo,Upper East Region,NDC,M,Married,6,1959,Civil Engineer,Christian,Catholic,18609,11118,34736,23185,9414,
203,James Agalga,Builsa North,Upper East Region,NDC,M,Married,1,1979,Lawyer,Christian,Catholic,10792,5690,21407,14824,5005,
204,Alhassan Azong,Builsa South,Upper East Region,PNC,M,Married,6,1965,Lecturer/Development Consultant,Islam,,4616,2114,12834,7417,2433,
205,Pele Abuga,Chiana-Paga,Upper East Region,NDC,M,Married,0,1960,Politician,Eckankar,,21552,7246,33947,25815,6659,
206,Azimbe Dominic Azumah,Garu,Upper East Region,NDC,M,Married,4,1950,Accountant,Christian,Catholic,10260,9703,20248,12779,6509,
207,Boniface Gambila Adagbila,Nabdam,Upper East Region,NPP,M,Married,0,1959,Psychologist,Christian,,6545,7097,13967,7533,4719,
208,Mark Owen Woyongo,Navrongo Central,Upper East Region,NDC,M,Married,2,1946, PR/Journalist/Advertiser/Marketer,Christian,Catholic,17907,15443,33686,19916,12780,
209,Laadi Ayii Ayamba,Pusiga,Upper East Region,NDC,F,Divorced,3,1961,Teaching,Islam,,16174,7749,24828,16981,6289,
210,Benson Tongo Baba,Talensi,Upper East Region,NDC,M,Married,NA,1948,Retired Deputy Director of Ghana Prisons Service,Christian,,9119,11380,27450,17110,7120,
211,David Adakudugu,Tempane,Upper East Region,NDC,M,Married,5,1968,Politician,Christian,Assemblies of God,13918,9737,26637,16747,8045,
212,Apul Cletus Avoka,Zebilla,Upper East Region,NDC,M,Married,4,1951,Lawyer,Christian,Catholic,21900,17082,41106,25465,13351,
213,Mathias Asoma Puozaa,Daffiama-Bussie-Issa,Upper West Region,NDC,M,Married,5,1948,Tutor,Christian,,7293,4931,13161,8700,3520,
214,Paul Derigubaa,Jirapa,Upper West Region,Independent,M,Married,6,1963,Farmer/Agriculturist,Christian, Catholic,11172,2165,26661,20603,3375,
215,Edward Kaale-Ewola Dery,Lambussie-Karni,Upper West Region,NDC,M,Married,NA,1969,Auditor,Christian,,8444,2569,16025,12313,2880,
216,Samson Abu,Lawra,Upper West Region,NDC,M,Married,4,1969,Politician,Christian,Catholic,12735,6588,19930,13739,5538,
217,Alban S. K. Bagbin,Nadowli-Kaleo,Upper West Region,NDC,M,Married,NA,1957,Lawyer,Christian,Catholic,16063,12073,28648,19825,7602,
218,Benjamin Bewa-Nyog Kunbuor (Dr.),Nandom,Upper West Region,NDC,M,Married,3,1957,Lawyer,Christian,Catholic,13172,7333,20639,14407,5774,
219,Alijata Sulemana Gbentie (Hajia),Sissala East,Upper West Region,NDC,F,Married,NA,1975,Social Worker,Islam,,8987,6603,24858,13559,7613,
220,Amin Amidu Suleimani,Sissala West,Upper West Region,NDC,M,Married,6,1957,Engineer,Islam,,11294,8144,22450,12850,7402,
221,Abdul-Rashid Pelpuo,Wa Central,Upper West Region,NDC,M,Married,6,1964,Development Consultant,Islam,,28149,22304,60235,37382,20822,
222,Ameen Salifu,Wa East,Upper West Region,NDC,M,Married,3,1965,Chartered Surveyor,Islam ,,12846,12505,25905,13900,11271,
223,Joseph Yieleh Chireh,Wa West,Upper West Region,NDC,M,Married,4,1954,Pharmacist,Christian,,16368,9918,28363,18856,7301,
224,Kwame Governs Agbodza,Adaklu,Volta Region,NDC,M,Married,3,1973,Architect,Christian,,11825,896,13440,12459,802,
225,Joseph Z. Amenowode,Afadjato South,Volta Region,NDC,M,Married,7,1955,Lecturer,Christian,Global Evangelical Church,22029,3784,26123,24184,1886,
226,Juliana Azumah-Mensah (Mrs),Agotime-Ziope,Volta Region,NDC,F,Married,2,1950,Nurse,Christian,Catholic,14485,1721,18382,16524,1350,
227,Joseph Kwadwo Ofori,Akan,Volta Region,Independent,M,Married,NA,1967,NA,Christian,,8396,6293,29762,21501,6926,
228,Peter Nortsu-Kotoe,Akatsi North,Volta Region,NDC,M,Married,2,1956,DCE,Christian,Evangelical Presbyterian,10879,1971,13109,11716,1049,
229,Bernard Ahiafor,Akatsi South,Volta Region,NDC,M,Married,2,1973,Lawyer,Christian,"Christ Foundation Ministry, Kwashiaman",21588,1388,33172,29761,2269,
230,Clement Kofi Humado,Anlo,Volta Region,NDC,M,Married,5,1953,Economist/Banker,Christian,Catholic,32654,3599,39829,37698,1599,
231,Emmanuel Kwasi Bandua,Biakoye,Volta Region,NDC,M,Married,3,1949,Lawyer,Christian,,19714,9092,29103,22033,6349,
232,Kwasi Ashiamah,Buem,Volta Region,NDC,M,Unkn,NA,1972,Marketer,Unkn,,19031,5404,25787,20819,4323,
233,Joe Kwashie Gidisu,Central Tongu,Volta Region,NDC,M,Married,3,1952,Educationist/Teacher,Christian,Evangelical Presbyterian,26127,3769,30708,27056,3019,
234,Benjamin Komla Kpodo,Ho Central,Volta Region,NDC,M,Married,7,1953,Chartered Accountant,Christian,,60129,6758,67931,62363,5148,
235,Emmanuel Kwasi Bedzrah,Ho West,Volta Region,NDC,M,Married,4,1967,Architect,Christian,,32623,3014,36613,33506,2683,
236,Bernice Adiku Heloo (Mrs) (PhD),Hohoe,Volta Region,NDC,F,Married,3,1959,Development Consultant,Christian,Catholic,40486,6358,49628,43301,5584,
237,Richard Mawuli Quashigah,Keta,Volta Region,NDC,M,Married,1,1968,Journalist,Christian,Action Chapel Intl,33570,1272,36318,34789,1223,
238,James Klutse Avedzi,Ketu North,Volta Region,NDC,M,Married,2,1964,Chartered Accountant,Christian,Global Evangelical Church,33825,8153,43922,37761,5263,
239,Fiifi Fiavi Kwetey,Ketu South,Volta Region,NDC,M,Married,4,1967,"Accounting,Economics, Commerce",Christian,,77837,4122,87534,81880,5165,
240,Della Sowah (Mrs),Kpando,Volta Region,NDC,F,Married,3,1959,Manager/Administrator,Christian,Winner's Chapel,19243,2307,24324,21759,2267,
241,Wisdom Gidisu,Krachi East,Volta Region,NDC,M,Married,8,1967,Educationist,Christian,Evangelical Presbyterian,13493,10405,30719,18631,10794,
242,John Majisi,Krachi Nchumuru,Volta Region,NDC,M,Married,7,1956,Lecturer,Christian,SDA,14049,8769,23090,15813,6509,
243,Helen Adjoa Ntoso,Krachi West,Volta Region,NDC,F,Single,3,1959,Nurse,Christian,Barea Christian Centre,10645,7196,18142,11634,6115,
244,Kwabena Bless John Oti,Nkwanta North,Volta Region,NDC,M,Single,0,1979,Youth in Dev. & Work,Christian,,21659,12762,34875,22341,11474,
245,Gershon K. B. Gbediame,NKwanta South,Volta Region,NDC,M,Married,5,1953,Educationist/Teacher,Christian,Great Commission Church Int.,13870,8465,36819,22571,11717,
246,George Loh,North Dayi,Volta Region,NDC,M,Married,1,1972,Lawyer,Christian,Evangelical Presbyterian,13724,2991,18145,16137,1503,
247,Samuel Okudzeto Ablakwa,North Tongu,Volta Region,NDC,M,Married,1,1980,Politician,Christian,Fountain Gate,33422,2522,36949,34162,2246,
248,Edem Asmah,South Dayi,Volta Region,NDC,M,Married,5,1955,Project Planning,Christian,,12309,1082,19596,17253,1482,
249,Kobena Mensah Woyome,South Tongu,Volta Region,NDC,M,Married,3,1971,Business Person,Christian,Winners Chapel Int.,32785,1945,39701,36989,2404,
250,George Kwame Aboagye,Ahanta West,Western Region,NDC,M,Married,4,1950,Economist,Christian,Methodist,21143,20099,46220,19609,24655,
251,George Kofi Arthur,Amenfi Central,Western Region,NDC,M,Single,0,1969,Educationist,Christian,Catholic,21149,16871,38575,22439,15037,
252,Akwasi Opong-Fosu,Amenfi East,Western Region,NDC,M,Married,4,1958,Local Government Practitioner,Christian,Word Miracle Church International,26134,24457,51406,25062,25215,
253,Eric Afful,Amenfi West,Western Region,NDC,M,Married,NA,1974,Economist,Christian,,26435,16829,43661,26777,16184,"Thomas Charlie Brown, NDC"
254,Mathias Kwame Ntow,Aowin,Western Region,NDC,M,Married,5,1957,Educationist,Christian,Pentecost,30035,21030,52997,32067,19603,
255,Richard Acheampong,Bia East,Western Region,NDC,M,Married,5,1970,HR,Christian,Assemblies of God,13497,4935,20464,14668,5267,
256,Michael Coffie Boampong,Bia West,Western Region,NDC,M,Married,6,1962,Accountant,Christian,Methodist,30632,14257,46020,32927,11978,
257,Gyedu Kingsley Aboagye,Bibiani-Anhwiaso-Bekwai,Western Region,NPP,M,Married,4,1968,Accountant,Christian,Methodist,29940,32016,63686,30904,31916,
258,Sampson Ahi,Bodi,Western Region,NDC,M,Married,5,1976,Business Person,Christian,Anglican,18586,7626,26661,18928,7112,
259,Joseph Cudjoe,Effia,Western Region,NPP,M,Married,3,1964,"Investment Manager, COCOBOD",Christian,,19863,14269,35627,14794,20385,
260,Emmanuel Armah-Kofi Buah,Ellembelle,Western Region,NDC,M,Married,2,1966,Manager/Administrator,Christian,Pentecost,26344,18067,45204,26262,18317,
261,Joe Ghartey,Essikado-Ketan,Western Region,NPP,M,Married,5,1961,Lawyer,Christian,Methodist,24442,16767,42035,17598,23629,
262,Kweku Tanikyi Kessie,Evalue-Ajomoro-Gwira,Western Region,NDC,M,Married,3,1967,Engineer,Christian,,15359,13157,29004,16202,12030,
263,Francis K. Anaman (WG. CDR. [RTD]),Jomoro,Western Region,NDC,M,Married,3,1960,Army Officer,Christian,Assemblies of God,21651,9630,51285,29392,17978,
264,Mintah Kwabena Akando,Juaboso,Western Region,NDC,M,Married,4,1980,Politician,Christian,Anglican,19432,8293,38971,26398,11497,
265,Joe Baidoe-Ansah,Kwesimintsim,Western Region,NPP,M,Married,3,1964,Communication Expert,Christian,Catholic,9901,16179,33596,13001,19951,
266,Alex Kofi Agyekum,Mpohor,Western Region,NPP,M,Married,4,1962,Teacher,Christian,Methodist,6333,7114,17598,7955,8437,
267,Francis Adu-Blay Koffie,Prestea-Huni Valley,Western Region,NDC,M,Married,2,1962,Miner,Christian,Living Word International Church,39808,31209,72441,40904,30175,
268,"Herod Cobbina,",Sefwi Akontombra,Western Region,NDC,M,Married,3,1956,Storekeeper,Christian,Catholic,18926,12568,32089,19947,11473,
269,Evans Paul Aidoo,Sefwi Wiawso,Western Region,NDC,M,Married,5,1958,Educationist/Teacher,Christian,Catholic,31993,26926,59482,35806,22629,
270,Papa Owusu-Ankomah,Sekondi,Western Region,NPP,M,Married,3,1958,Lawyer,Christian,Methodist,13644,14735,28787,12417,15884,
271,Gabriel Kodwo Essilfie,Shama,Western Region,NDC,M,Married,4,1950,Accountant,Christian,Methodist,18406,17154,37831,19767,16972,
272,Stephen M. E. K. Ackah,Suaman,Western Region,NDC,M,Married,3,1950,Teacher,Christian,Methodist,9588,5464,15224,10006,4825,
273,Kwabena Okyere Darko-Mensah,Takoradi,Western Region,NPP,M,Married,2,1972,Biochemist/Hotelier,Christian,Methodist,15889,25958,42516,16232,25760,
274,Gifty Eugenia Kusi (Mrs),Tarkwa-Nsuaem,Western Region,NPP,F,Married,4,1956,Medical Doctor/Nurse/Health Worker,Christian,Pentecost,33135,37816,72923,32600,38506,
275,Isaac Adjei Mensah,Wassa East,Western Region,NDC,M,Married,5,1963,Manager/Administrator/HR Practitioner,Christian,Pentecost,19242,13996,33657,19531,13102,
